{
  "K": [
    "G",
    "C"
  ],
  "S": [
    "Z",
    "SH"
  ],
  "SH": [
    "S",
    "CH"
  ],
  "CH": [
    "SH",
    "J"
  ],
  "TH": [
    "F",
    "D",
    "T"
  ],
  "M": [
    "N",
    "B"
  ],
  "NG": [
    "N",
    "G"
  ],
  "R": [
    "L",
    "W"
  ],
  "J": [
    "G",
    "CH"
  ],
  "AE": [
    "E",
    "I",
    "A"
  ],
  "AI": [
    "I",
    "E",
    "A"
  ],
  "AU": [
    "O",
    "U",
    "A"
  ],
  "EU": [
    "U",
    "O",
    "E"
  ],
  "IE": [
    "I",
    "E",
    "A"
  ],
  "KN": [
    "N"
  ]
}